{"lora_te_text_model_encoder_layers_0_self_attn_v_proj": {"lora_down.weight": {"Mp": 0.0008819844806566834}, "lora_up.weight": {"Mp": 0.0008821211522445083}}, "lora_te_text_model_encoder_layers_0_self_attn_out_proj": {"lora_down.weight": {"Mp": 0.0017701826291158795}, "lora_up.weight": {"Mp": 0.0017702820478007197}}, "lora_te_text_model_encoder_layers_0_mlp_fc2": {"lora_down.weight": {"Mp": 3.4102464269381016e-05}, "lora_up.weight": {"Mp": 3.4231634344905615e-05}}, "lora_te_text_model_encoder_layers_1_self_attn_k_proj": {"lora_down.weight": {"Mp": 0.0006597422761842608}, "lora_up.weight": {"Mp": 0.000659744837321341}}, "lora_te_text_model_encoder_layers_1_self_attn_q_proj": {"lora_down.weight": {"Mp": 0.0006933489348739386}, "lora_up.weight": {"Mp": 0.0006933542899787426}}, "lora_te_text_model_encoder_layers_1_self_attn_out_proj": {"lora_down.weight": {"Mp": 0.00035556446528062224}, "lora_up.weight": {"Mp": 0.0003555756702553481}}, "lora_te_text_model_encoder_layers_1_mlp_fc2": {"lora_down.weight": {"Mp": 0.0006937994039617479}, "lora_up.weight": {"Mp": 0.0006937969592399895}}, "lora_te_text_model_encoder_layers_2_self_attn_k_proj": {"lora_down.weight": {"Mp": 0.00046599790221080184}, "lora_up.weight": {"Mp": 0.0004660002887248993}}, "lora_te_text_model_encoder_layers_2_self_attn_v_proj": {"lora_down.weight": {"Mp": 0.0009345628786832094}, "lora_up.weight": {"Mp": 0.0009345758007839322}}, "lora_te_text_model_encoder_layers_2_self_attn_q_proj": {"lora_down.weight": {"Mp": 0.0005000632372684777}, "lora_up.weight": {"Mp": 0.0005000693490728736}}, "lora_te_text_model_encoder_layers_2_self_attn_out_proj": {"lora_down.weight": {"Mp": 0.0005449696909636259}, "lora_up.weight": {"Mp": 0.0005449852906167507}}, "lora_te_text_model_encoder_layers_2_mlp_fc1": {"lora_down.weight": {"Mp": 0.00035760196624323726}, "lora_up.weight": {"Mp": 0.0003576256276573986}}, "lora_te_text_model_encoder_layers_2_mlp_fc2": {"lora_down.weight": {"Mp": 0.0005728931864723563}, "lora_up.weight": {"Mp": 0.0005728919059038162}}, "lora_te_text_model_encoder_layers_3_self_attn_v_proj": {"lora_down.weight": {"Mp": 0.0008640711894258857}, "lora_up.weight": {"Mp": 0.0008640775340609252}}, "lora_te_text_model_encoder_layers_3_self_attn_q_proj": {"lora_down.weight": {"Mp": 0.0005493248463608325}, "lora_up.weight": {"Mp": 0.0005493265925906599}}, "lora_te_text_model_encoder_layers_3_self_attn_out_proj": {"lora_down.weight": {"Mp": 0.0007917745970189571}, "lora_up.weight": {"Mp": 0.0007917872280813754}}, "lora_te_text_model_encoder_layers_3_mlp_fc1": {"lora_down.weight": {"Mp": 0.001871736953034997}, "lora_up.weight": {"Mp": 0.0018717587227001786}}, "lora_te_text_model_encoder_layers_3_mlp_fc2": {"lora_down.weight": {"Mp": 0.00019456280278973281}, "lora_up.weight": {"Mp": 0.00019456172594800591}}, "lora_te_text_model_encoder_layers_4_self_attn_k_proj": {"lora_down.weight": {"Mp": 0.0004890287527814507}, "lora_up.weight": {"Mp": 0.0004890304990112782}}, "lora_te_text_model_encoder_layers_4_self_attn_v_proj": {"lora_down.weight": {"Mp": 0.0002161305455956608}, "lora_up.weight": {"Mp": 0.00021614113938994706}}, "lora_te_text_model_encoder_layers_4_self_attn_q_proj": {"lora_down.weight": {"Mp": 0.0004623239510692656}, "lora_up.weight": {"Mp": 0.0004623251152224839}}, "lora_te_text_model_encoder_layers_4_self_attn_out_proj": {"lora_down.weight": {"Mp": 0.0007413194980472326}, "lora_up.weight": {"Mp": 0.0007413331186398864}}, "lora_te_text_model_encoder_layers_4_mlp_fc1": {"lora_down.weight": {"Mp": 0.0011647484498098493}, "lora_up.weight": {"Mp": 0.001164770219475031}}, "lora_te_text_model_encoder_layers_4_mlp_fc2": {"lora_down.weight": {"Mp": 0.0009385138982906938}, "lora_up.weight": {"Mp": 0.0009385147131979465}}, "lora_te_text_model_encoder_layers_5_self_attn_k_proj": {"lora_down.weight": {"Mp": 0.000359003315679729}, "lora_up.weight": {"Mp": 0.00035900596412830055}}, "lora_te_text_model_encoder_layers_5_self_attn_v_proj": {"lora_down.weight": {"Mp": 0.000548402895219624}, "lora_up.weight": {"Mp": 0.0005484084831550717}}, "lora_te_text_model_encoder_layers_5_self_attn_out_proj": {"lora_down.weight": {"Mp": 0.0003424228634685278}, "lora_up.weight": {"Mp": 0.0003424364549573511}}, "lora_te_text_model_encoder_layers_5_mlp_fc2": {"lora_down.weight": {"Mp": 0.0012221174547448754}, "lora_up.weight": {"Mp": 0.001222114311531186}}, "lora_te_text_model_encoder_layers_6_self_attn_k_proj": {"lora_down.weight": {"Mp": 0.00030011797207407653}, "lora_up.weight": {"Mp": 0.00030012201750651}}, "lora_te_text_model_encoder_layers_6_self_attn_v_proj": {"lora_down.weight": {"Mp": 0.0003238555509597063}, "lora_up.weight": {"Mp": 0.00032386131351813674}}, "lora_te_text_model_encoder_layers_6_mlp_fc1": {"lora_down.weight": {"Mp": 0.00045136839617043734}, "lora_up.weight": {"Mp": 0.0004513880703598261}}, "lora_te_text_model_encoder_layers_6_mlp_fc2": {"lora_down.weight": {"Mp": 0.0004748008504975587}, "lora_up.weight": {"Mp": 0.00047479948261752725}}, "lora_te_text_model_encoder_layers_7_self_attn_k_proj": {"lora_down.weight": {"Mp": 0.002041254658252001}, "lora_up.weight": {"Mp": 0.002041266765445471}}, "lora_te_text_model_encoder_layers_7_self_attn_q_proj": {"lora_down.weight": {"Mp": 0.000774710497353226}, "lora_up.weight": {"Mp": 0.0007747136987745762}}, "lora_te_text_model_encoder_layers_7_self_attn_out_proj": {"lora_down.weight": {"Mp": 0.0006629037670791149}, "lora_up.weight": {"Mp": 0.0006629269337281585}}, "lora_te_text_model_encoder_layers_7_mlp_fc2": {"lora_down.weight": {"Mp": 0.0005817339406348765}, "lora_up.weight": {"Mp": 0.000581733591388911}}, "lora_te_text_model_encoder_layers_8_self_attn_k_proj": {"lora_down.weight": {"Mp": 0.0002831295132637024}, "lora_up.weight": {"Mp": 0.00028314138762652874}}, "lora_te_text_model_encoder_layers_8_self_attn_v_proj": {"lora_down.weight": {"Mp": 2.827876596711576e-05}, "lora_up.weight": {"Mp": 2.829611548804678e-05}}, "lora_te_text_model_encoder_layers_8_self_attn_q_proj": {"lora_down.weight": {"Mp": 0.0009588663233444095}, "lora_up.weight": {"Mp": 0.0009588712709955871}}, "lora_te_text_model_encoder_layers_8_self_attn_out_proj": {"lora_down.weight": {"Mp": 0.0014385178219527006}, "lora_up.weight": {"Mp": 0.0014385590329766273}}, "lora_te_text_model_encoder_layers_8_mlp_fc2": {"lora_down.weight": {"Mp": 0.0017085353611037135}, "lora_up.weight": {"Mp": 0.0017085385043174028}}, "lora_te_text_model_encoder_layers_9_self_attn_k_proj": {"lora_down.weight": {"Mp": 0.0011747522512450814}, "lora_up.weight": {"Mp": 0.0011747637763619423}}, "lora_te_text_model_encoder_layers_9_self_attn_q_proj": {"lora_down.weight": {"Mp": 0.00028187024872750044}, "lora_up.weight": {"Mp": 0.00028188066789880395}}, "lora_te_text_model_encoder_layers_9_mlp_fc2": {"lora_down.weight": {"Mp": 0.0007721715373918414}, "lora_up.weight": {"Mp": 0.0007721728761680424}}, "lora_te_text_model_encoder_layers_10_self_attn_k_proj": {"lora_down.weight": {"Mp": 0.0018209036206826568}, "lora_up.weight": {"Mp": 0.001820955309085548}}, "lora_te_text_model_encoder_layers_10_self_attn_q_proj": {"lora_down.weight": {"Mp": 0.0004270783392712474}, "lora_up.weight": {"Mp": 0.0004270910285413265}}, "lora_te_text_model_encoder_layers_10_self_attn_out_proj": {"lora_down.weight": {"Mp": 0.004522603005170822}, "lora_up.weight": {"Mp": 0.004522770643234253}}, "lora_te_text_model_encoder_layers_10_mlp_fc1": {"lora_down.weight": {"Mp": 0.008112830109894276}, "lora_up.weight": {"Mp": 0.008112931624054909}}, "lora_te_text_model_encoder_layers_10_mlp_fc2": {"lora_down.weight": {"Mp": 0.0007549642468802631}, "lora_up.weight": {"Mp": 0.0007549674483016133}}, "lora_te_text_model_encoder_layers_11_self_attn_k_proj": {"lora_down.weight": {"Mp": 0.0009472917299717665}, "lora_up.weight": {"Mp": 0.0009473591926507652}}, "lora_te_text_model_encoder_layers_11_self_attn_q_proj": {"lora_down.weight": {"Mp": 0.00033569548395462334}, "lora_up.weight": {"Mp": 0.00033572062966413796}},