{"lora_te_text_model_encoder_layers_0_self_attn_k_proj": {"lora_down.weight": {"Mp": 8.880055975168943e-05}, "lora_up.weight": {"Mp": 8.881287067197263e-05}}, "lora_te_text_model_encoder_layers_0_self_attn_out_proj": {"lora_down.weight": {"Mp": 0.0006151434499770403}, "lora_up.weight": {"Mp": 0.0006152598070912063}}, "lora_te_text_model_encoder_layers_1_self_attn_v_proj": {"lora_down.weight": {"Mp": 0.0006986998487263918}, "lora_up.weight": {"Mp": 0.000698711781296879}}, "lora_te_text_model_encoder_layers_1_self_attn_out_proj": {"lora_down.weight": {"Mp": 0.0005606168997474015}, "lora_up.weight": {"Mp": 0.0005606351187452674}}, "lora_te_text_model_encoder_layers_1_mlp_fc2": {"lora_down.weight": {"Mp": 0.0009240512736141682}, "lora_up.weight": {"Mp": 0.0009240478393621743}}, "lora_te_text_model_encoder_layers_2_mlp_fc2": {"lora_down.weight": {"Mp": 0.0018228389089927077}, "lora_up.weight": {"Mp": 0.0018228332046419382}}, "lora_te_text_model_encoder_layers_3_self_attn_k_proj": {"lora_down.weight": {"Mp": 5.4047166486270726e-05}, "lora_up.weight": {"Mp": 5.404929834185168e-05}}, "lora_te_text_model_encoder_layers_3_self_attn_q_proj": {"lora_down.weight": {"Mp": 0.0006235509063117206}, "lora_up.weight": {"Mp": 0.00062355468980968}}, "lora_te_text_model_encoder_layers_3_mlp_fc1": {"lora_down.weight": {"Mp": 0.00033978529972955585}, "lora_up.weight": {"Mp": 0.0003398076514713466}}, "lora_te_text_model_encoder_layers_3_mlp_fc2": {"lora_down.weight": {"Mp": 0.0011346808169037104}, "lora_up.weight": {"Mp": 0.001134679652750492}}, "lora_te_text_model_encoder_layers_4_self_attn_v_proj": {"lora_down.weight": {"Mp": 0.0005283879581838846}, "lora_up.weight": {"Mp": 0.0005283980863168836}}, "lora_te_text_model_encoder_layers_4_self_attn_q_proj": {"lora_down.weight": {"Mp": 0.0004981683450751007}, "lora_up.weight": {"Mp": 0.0004981704987585545}}, "lora_te_text_model_encoder_layers_4_self_attn_out_proj": {"lora_down.weight": {"Mp": 0.0006507568177767098}, "lora_up.weight": {"Mp": 0.0006507702637463808}}, "lora_te_text_model_encoder_layers_4_mlp_fc2": {"lora_down.weight": {"Mp": 0.0010845548240467906}, "lora_up.weight": {"Mp": 0.0010845529614016414}}, "lora_te_text_model_encoder_layers_5_self_attn_v_proj": {"lora_down.weight": {"Mp": 0.0003126787196379155}, "lora_up.weight": {"Mp": 0.0003126875963062048}}, "lora_te_text_model_encoder_layers_5_self_attn_q_proj": {"lora_down.weight": {"Mp": 9.818596299737692e-05}, "lora_up.weight": {"Mp": 9.819001570576802e-05}}, "lora_te_text_model_encoder_layers_5_self_attn_out_proj": {"lora_down.weight": {"Mp": 0.00034988747211173177}, "lora_up.weight": {"Mp": 0.0003499023150652647}}, "lora_te_text_model_encoder_layers_5_mlp_fc2": {"lora_down.weight": {"Mp": 0.0008854635525494814}, "lora_up.weight": {"Mp": 0.0008854613406583667}}, "lora_te_text_model_encoder_layers_6_self_attn_k_proj": {"lora_down.weight": {"Mp": 1.91527942661196e-05}, "lora_up.weight": {"Mp": 1.915767279569991e-05}}, "lora_te_text_model_encoder_layers_6_self_attn_v_proj": {"lora_down.weight": {"Mp": 0.0004532790626399219}, "lora_up.weight": {"Mp": 0.0004532898892648518}}, "lora_te_text_model_encoder_layers_6_self_attn_out_proj": {"lora_down.weight": {"Mp": 9.070138912647963e-05}, "lora_up.weight": {"Mp": 9.072116517927498e-05}}, "lora_te_text_model_encoder_layers_6_mlp_fc2": {"lora_down.weight": {"Mp": 0.0006534340791404247}, "lora_up.weight": {"Mp": 0.0006534346612170339}}, "lora_te_text_model_encoder_layers_7_self_attn_k_proj": {"lora_down.weight": {"Mp": 0.0012494707480072975}, "lora_up.weight": {"Mp": 0.0012494768016040325}}, "lora_te_text_model_encoder_layers_7_self_attn_v_proj": {"lora_down.weight": {"Mp": 1.6392223187722266e-05}, "lora_up.weight": {"Mp": 1.6402795154135674e-05}}, "lora_te_text_model_encoder_layers_7_self_attn_q_proj": {"lora_down.weight": {"Mp": 0.0006388234323821962}, "lora_up.weight": {"Mp": 0.0006388257024809718}}, "lora_te_text_model_encoder_layers_7_self_attn_out_proj": {"lora_down.weight": {"Mp": 0.00034115451853722334}, "lora_up.weight": {"Mp": 0.00034116796450689435}}, "lora_te_text_model_encoder_layers_8_self_attn_v_proj": {"lora_down.weight": {"Mp": 0.0006661295774392784}, "lora_up.weight": {"Mp": 0.0006661441875621676}}, "lora_te_text_model_encoder_layers_8_self_attn_out_proj": {"lora_down.weight": {"Mp": 0.0006169009138830006}, "lora_up.weight": {"Mp": 0.0006169263506308198}}, "lora_te_text_model_encoder_layers_8_mlp_fc1": {"lora_down.weight": {"Mp": 0.00034621707163751125}, "lora_up.weight": {"Mp": 0.00034623543615452945}}, "lora_te_text_model_encoder_layers_8_mlp_fc2": {"lora_down.weight": {"Mp": 0.0006671459414064884}, "lora_up.weight": {"Mp": 0.0006671455921605229}}, "lora_te_text_model_encoder_layers_9_self_attn_k_proj": {"lora_down.weight": {"Mp": 0.00140991504304111}, "lora_up.weight": {"Mp": 0.0014099348336458206}}, "lora_te_text_model_encoder_layers_9_self_attn_v_proj": {"lora_down.weight": {"Mp": 0.0013049161061644554}, "lora_up.weight": {"Mp": 0.001304932520724833}}, "lora_te_text_model_encoder_layers_9_self_attn_out_proj": {"lora_down.weight": {"Mp": 0.0016099915374070406}, "lora_up.weight": {"Mp": 0.0016100234352052212}}, "lora_te_text_model_encoder_layers_9_mlp_fc2": {"lora_down.weight": {"Mp": 0.0011556439567357302}, "lora_up.weight": {"Mp": 0.0011556437239050865}}, "lora_te_text_model_encoder_layers_10_mlp_fc2": {"lora_down.weight": {"Mp": 0.0006705895066261292}, "lora_up.weight": {"Mp": 0.0006705892737954855}}, "lora_te_text_model_encoder_layers_11_self_attn_v_proj": {"lora_down.weight": {"Mp": 0.000482355389976874}, "lora_up.weight": {"Mp": 0.000482396746519953}}, "lora_te_text_model_encoder_layers_11_self_attn_q_proj": {"lora_down.weight": {"Mp": 6.0174294048920274e-05}, "lora_up.weight": {"Mp": 6.019720240146853e-05}}, "lora_te_text_model_encoder_layers_11_self_attn_out_proj": {"lora_down.weight": {"Mp": 0.00212896429002285}, "lora_up.weight": {"Mp": 0.0021290872246026993}}, "lora_unet_down_blocks_0_attentions_0_transformer_blocks_0_attn1_to_k": {"lora_down.weight": {"Mp": 0.004413543734699488}, "lora_up.weight": {"Mp": 0.00441388413310051}}, "lora_unet_down_blocks_0_attentions_0_transformer_blocks_0_attn1_to_out_0": {"lora_down.weight": {"Mp": 0.00796536635607481}, "lora_up.weight": {"Mp": 0.007971994578838348}}, "lora_unet_down_blocks_0_attentions_0_transformer_blocks_0_attn2_to_k": {"lora_down.weight": {"Mp": 0.00123789778444916}, "lora_up.weight": {"Mp": 0.0012380138505250216}}, "lora_unet_down_blocks_0_attentions_0_transformer_blocks_0_attn2_to_v": {"lora_down.weight": {"Mp": 0.0034073316492140293}, "lora_up.weight": {"Mp": 0.003410256700590253}}, "lora_unet_down_blocks_0_attentions_1_proj_in": {"lora_down.weight": {"Mp": 0.008606006391346455}, "lora_up.weight": {"Mp": 0.008607451803982258}}, "lora_unet_down_blocks_0_attentions_1_transformer_blocks_0_attn1_to_q": {"lora_down.weight": {"Mp": 0.002868873765692115}, "lora_up.weight": {"Mp": 0.0028696043882519007}}, "lora_unet_down_blocks_0_attentions_1_transformer_blocks_0_attn1_to_k": {"lora_down.weight": {"Mp": 0.003582462202757597}, "lora_up.weight": {"Mp": 0.0035829157568514347}}, "lora_unet_down_blocks_0_attentions_1_transformer_blocks_0_attn1_to_v": {"lora_down.weight": {"Mp": 0.013313909992575645}, "lora_up.weight": {"Mp": 0.013317959383130074}}, "lora_unet_down_blocks_0_attentions_1_transformer_blocks_0_attn1_to_out_0": {"lora_down.weight": {"Mp": 0.0027594270650297403}, "lora_up.weight": {"Mp": 0.0027630184777081013}}, "lora_unet_down_blocks_0_attentions_1_transformer_blocks_0_attn2_to_q": {"lora_down.weight": {"Mp": 0.0025809239596128464}, "lora_up.weight": {"Mp": 0.0025810468941926956}}, "lora_unet_down_blocks_0_attentions_1_transformer_blocks_0_attn2_to_k": {"lora_down.weight": {"Mp": 0.0029051965102553368}, "lora_up.weight": {"Mp": 0.002905213739722967}}, "lora_unet_down_blocks_0_attentions_1_transformer_blocks_0_attn2_to_v": {"lora_down.weight": {"Mp": 0.0012958564329892397}, "lora_up.weight": {"Mp": 0.00129658542573452}},