{"lora_te_text_model_encoder_layers_0_self_attn_v_proj": {"lora_down.weight": {"Mp": 0.011101942509412766}, "lora_up.weight": {"Mp": 0.011102119460701942}}, "lora_te_text_model_encoder_layers_0_self_attn_out_proj": {"lora_down.weight": {"Mp": 0.006460838485509157}, "lora_up.weight": {"Mp": 0.006460981443524361}}, "lora_te_text_model_encoder_layers_0_mlp_fc1": {"lora_down.weight": {"Mp": 0.0024087082128971815}, "lora_up.weight": {"Mp": 0.0024087335914373398}}, "lora_te_text_model_encoder_layers_0_mlp_fc2": {"lora_down.weight": {"Mp": 0.0026393509469926357}, "lora_up.weight": {"Mp": 0.002639500889927149}}, "lora_te_text_model_encoder_layers_1_self_attn_k_proj": {"lora_down.weight": {"Mp": 0.0003242157108616084}, "lora_up.weight": {"Mp": 0.0003242220846004784}}, "lora_te_text_model_encoder_layers_1_self_attn_q_proj": {"lora_down.weight": {"Mp": 0.0008003947441466153}, "lora_up.weight": {"Mp": 0.0008004031842574477}}, "lora_te_text_model_encoder_layers_1_self_attn_out_proj": {"lora_down.weight": {"Mp": 0.0008453835034742951}, "lora_up.weight": {"Mp": 0.0008454041089862585}}, "lora_te_text_model_encoder_layers_1_mlp_fc1": {"lora_down.weight": {"Mp": 0.0029174447990953922}, "lora_up.weight": {"Mp": 0.0029174652881920338}}, "lora_te_text_model_encoder_layers_1_mlp_fc2": {"lora_down.weight": {"Mp": 0.001982484944164753}, "lora_up.weight": {"Mp": 0.001982480753213167}}, "lora_te_text_model_encoder_layers_2_self_attn_k_proj": {"lora_down.weight": {"Mp": 0.001159135834313929}, "lora_up.weight": {"Mp": 0.0011591415386646986}}, "lora_te_text_model_encoder_layers_2_self_attn_v_proj": {"lora_down.weight": {"Mp": 0.0011504911817610264}, "lora_up.weight": {"Mp": 0.0011505059665068984}}, "lora_te_text_model_encoder_layers_2_self_attn_q_proj": {"lora_down.weight": {"Mp": 0.0014552781358361244}, "lora_up.weight": {"Mp": 0.0014552848879247904}}, "lora_te_text_model_encoder_layers_2_self_attn_out_proj": {"lora_down.weight": {"Mp": 0.001400575740262866}, "lora_up.weight": {"Mp": 0.0014005944831296802}}, "lora_te_text_model_encoder_layers_2_mlp_fc1": {"lora_down.weight": {"Mp": 0.0033644663635641336}, "lora_up.weight": {"Mp": 0.0033644912764430046}}, "lora_te_text_model_encoder_layers_2_mlp_fc2": {"lora_down.weight": {"Mp": 0.0033170790411531925}, "lora_up.weight": {"Mp": 0.0033170715905725956}}, "lora_te_text_model_encoder_layers_3_self_attn_k_proj": {"lora_down.weight": {"Mp": 0.0007046856335364282}, "lora_up.weight": {"Mp": 0.0007046888931654394}}, "lora_te_text_model_encoder_layers_3_self_attn_v_proj": {"lora_down.weight": {"Mp": 0.0016185515560209751}, "lora_up.weight": {"Mp": 0.001618571812286973}}, "lora_te_text_model_encoder_layers_3_self_attn_q_proj": {"lora_down.weight": {"Mp": 0.00034711352782323956}, "lora_up.weight": {"Mp": 0.00034711798070929945}}, "lora_te_text_model_encoder_layers_3_self_attn_out_proj": {"lora_down.weight": {"Mp": 0.001628213212825358}, "lora_up.weight": {"Mp": 0.0016282328870147467}}, "lora_te_text_model_encoder_layers_3_mlp_fc1": {"lora_down.weight": {"Mp": 0.0024704632814973593}, "lora_up.weight": {"Mp": 0.0024704942479729652}}, "lora_te_text_model_encoder_layers_3_mlp_fc2": {"lora_down.weight": {"Mp": 0.002355355303734541}, "lora_up.weight": {"Mp": 0.0023553529754281044}}, "lora_te_text_model_encoder_layers_4_self_attn_v_proj": {"lora_down.weight": {"Mp": 0.0019599120132625103}, "lora_up.weight": {"Mp": 0.0019599306397140026}}, "lora_te_text_model_encoder_layers_4_mlp_fc1": {"lora_down.weight": {"Mp": 0.002698828000575304}, "lora_up.weight": {"Mp": 0.002698858268558979}}, "lora_te_text_model_encoder_layers_4_mlp_fc2": {"lora_down.weight": {"Mp": 0.0015701798256486654}, "lora_up.weight": {"Mp": 0.0015701793599873781}}, "lora_te_text_model_encoder_layers_5_self_attn_k_proj": {"lora_down.weight": {"Mp": 0.0009244067477993667}, "lora_up.weight": {"Mp": 0.0009244158281944692}}, "lora_te_text_model_encoder_layers_5_self_attn_v_proj": {"lora_down.weight": {"Mp": 0.0009388281032443047}, "lora_up.weight": {"Mp": 0.0009388382895849645}}, "lora_te_text_model_encoder_layers_5_self_attn_q_proj": {"lora_down.weight": {"Mp": 0.0009426599717698991}, "lora_up.weight": {"Mp": 0.0009426707401871681}}, "lora_te_text_model_encoder_layers_5_self_attn_out_proj": {"lora_down.weight": {"Mp": 0.0002319172053830698}, "lora_up.weight": {"Mp": 0.0002319343329872936}}, "lora_te_text_model_encoder_layers_5_mlp_fc1": {"lora_down.weight": {"Mp": 0.004213682375848293}, "lora_up.weight": {"Mp": 0.004213710315525532}}, "lora_te_text_model_encoder_layers_5_mlp_fc2": {"lora_down.weight": {"Mp": 0.0012164150830358267}, "lora_up.weight": {"Mp": 0.0012164125218987465}}, "lora_te_text_model_encoder_layers_6_self_attn_k_proj": {"lora_down.weight": {"Mp": 1.0166724678128958e-05}, "lora_up.weight": {"Mp": 1.017302565742284e-05}}, "lora_te_text_model_encoder_layers_6_self_attn_v_proj": {"lora_down.weight": {"Mp": 0.0007150505552999675}, "lora_up.weight": {"Mp": 0.0007150624878704548}}, "lora_te_text_model_encoder_layers_6_self_attn_out_proj": {"lora_down.weight": {"Mp": 0.0001985253329621628}, "lora_up.weight": {"Mp": 0.00019854053971357644}}, "lora_te_text_model_encoder_layers_6_mlp_fc1": {"lora_down.weight": {"Mp": 0.002315778285264969}, "lora_up.weight": {"Mp": 0.002315802965313196}}, "lora_te_text_model_encoder_layers_6_mlp_fc2": {"lora_down.weight": {"Mp": 0.0013085358077660203}, "lora_up.weight": {"Mp": 0.0013085317332297564}}, "lora_te_text_model_encoder_layers_7_self_attn_k_proj": {"lora_down.weight": {"Mp": 0.0018090242519974709}, "lora_up.weight": {"Mp": 0.0018090291414409876}}, "lora_te_text_model_encoder_layers_7_self_attn_v_proj": {"lora_down.weight": {"Mp": 0.00034378457348793745}, "lora_up.weight": {"Mp": 0.0003437956911511719}}, "lora_te_text_model_encoder_layers_7_self_attn_q_proj": {"lora_down.weight": {"Mp": 0.00038018275517970324}, "lora_up.weight": {"Mp": 0.000380185607355088}}, "lora_te_text_model_encoder_layers_7_mlp_fc1": {"lora_down.weight": {"Mp": 0.00195376668125391}, "lora_up.weight": {"Mp": 0.0019537857733666897}}, "lora_te_text_model_encoder_layers_7_mlp_fc2": {"lora_down.weight": {"Mp": 0.0013530469732359052}, "lora_up.weight": {"Mp": 0.001353042433038354}}, "lora_te_text_model_encoder_layers_8_self_attn_k_proj": {"lora_down.weight": {"Mp": 0.0032484219409525394}, "lora_up.weight": {"Mp": 0.003248448483645916}}, "lora_te_text_model_encoder_layers_8_self_attn_out_proj": {"lora_down.weight": {"Mp": 0.0016537404153496027}, "lora_up.weight": {"Mp": 0.0016537781339138746}}, "lora_te_text_model_encoder_layers_8_mlp_fc1": {"lora_down.weight": {"Mp": 0.000834255013614893}, "lora_up.weight": {"Mp": 0.0008342711953446269}}, "lora_te_text_model_encoder_layers_8_mlp_fc2": {"lora_down.weight": {"Mp": 0.000991211854852736}, "lora_up.weight": {"Mp": 0.0009912119712680578}}, "lora_te_text_model_encoder_layers_9_self_attn_v_proj": {"lora_down.weight": {"Mp": 0.0006704502156935632}, "lora_up.weight": {"Mp": 0.0006704675033688545}}, "lora_te_text_model_encoder_layers_9_mlp_fc2": {"lora_down.weight": {"Mp": 0.001690641394816339}, "lora_up.weight": {"Mp": 0.0016906408127397299}}, "lora_te_text_model_encoder_layers_10_self_attn_out_proj": {"lora_down.weight": {"Mp": 0.00014649040531367064}, "lora_up.weight": {"Mp": 0.00014657896826975048}}, "lora_te_text_model_encoder_layers_10_mlp_fc1": {"lora_down.weight": {"Mp": 0.0006562281050719321}, "lora_up.weight": {"Mp": 0.000656256393995136}}, "lora_te_text_model_encoder_layers_10_mlp_fc2": {"lora_down.weight": {"Mp": 0.0007095984183251858}, "lora_up.weight": {"Mp": 0.0007095979526638985}}, "lora_te_text_model_encoder_layers_11_self_attn_v_proj": {"lora_down.weight": {"Mp": 0.0013029801193624735}, "lora_up.weight": {"Mp": 0.0013030265690758824}}, "lora_te_text_model_encoder_layers_11_self_attn_q_proj": {"lora_down.weight": {"Mp": 7.956920308060944e-05}, "lora_up.weight": {"Mp": 7.96106323832646e-05}}, "lora_unet_down_blocks_0_attentions_0_transformer_blocks_0_attn1_to_q": {"lora_down.weight": {"Mp": 0.0018466796027496457},