{"lora_te_text_model_encoder_layers_0_self_attn_k_proj": {"lora_down.weight": {"Mp": 0.002593942917883396}, "lora_up.weight": {"Mp": 0.0025939629413187504}}, "lora_te_text_model_encoder_layers_0_self_attn_v_proj": {"lora_down.weight": {"Mp": 0.003764514345675707}, "lora_up.weight": {"Mp": 0.0037647720891982317}}, "lora_te_text_model_encoder_layers_0_self_attn_q_proj": {"lora_down.weight": {"Mp": 0.0016291079809889197}, "lora_up.weight": {"Mp": 0.0016291189240291715}}, "lora_te_text_model_encoder_layers_0_self_attn_out_proj": {"lora_down.weight": {"Mp": 0.001887621241621673}, "lora_up.weight": {"Mp": 0.0018877958646044135}}, "lora_te_text_model_encoder_layers_0_mlp_fc1": {"lora_down.weight": {"Mp": 0.0003056465648114681}, "lora_up.weight": {"Mp": 0.00030567683279514313}}, "lora_te_text_model_encoder_layers_0_mlp_fc2": {"lora_down.weight": {"Mp": 0.004925127141177654}, "lora_up.weight": {"Mp": 0.004925405140966177}}, "lora_te_text_model_encoder_layers_1_self_attn_q_proj": {"lora_down.weight": {"Mp": 0.00027943606255576015}, "lora_up.weight": {"Mp": 0.00027944339672103524}}, "lora_te_text_model_encoder_layers_1_self_attn_out_proj": {"lora_down.weight": {"Mp": 0.0014213313115760684}, "lora_up.weight": {"Mp": 0.0014213533140718937}}, "lora_te_text_model_encoder_layers_1_mlp_fc2": {"lora_down.weight": {"Mp": 0.001995944418013096}, "lora_up.weight": {"Mp": 0.0019959411583840847}}, "lora_te_text_model_encoder_layers_2_self_attn_v_proj": {"lora_down.weight": {"Mp": 0.0007327920757234097}, "lora_up.weight": {"Mp": 0.0007328052306547761}}, "lora_te_text_model_encoder_layers_2_self_attn_out_proj": {"lora_down.weight": {"Mp": 0.001254713162779808}, "lora_up.weight": {"Mp": 0.001254734001122415}}, "lora_te_text_model_encoder_layers_2_mlp_fc1": {"lora_down.weight": {"Mp": 0.000234028251725249}, "lora_up.weight": {"Mp": 0.00023406880791299045}}, "lora_te_text_model_encoder_layers_2_mlp_fc2": {"lora_down.weight": {"Mp": 0.0015059933066368103}, "lora_up.weight": {"Mp": 0.0015059900470077991}}, "lora_te_text_model_encoder_layers_3_self_attn_k_proj": {"lora_down.weight": {"Mp": 0.00024146719078999013}, "lora_up.weight": {"Mp": 0.000241472152993083}}, "lora_te_text_model_encoder_layers_3_self_attn_v_proj": {"lora_down.weight": {"Mp": 0.0007467722753062844}, "lora_up.weight": {"Mp": 0.0007467907853424549}}, "lora_te_text_model_encoder_layers_3_self_attn_q_proj": {"lora_down.weight": {"Mp": 0.0003372006176505238}, "lora_up.weight": {"Mp": 0.00033720690407790244}}, "lora_te_text_model_encoder_layers_3_self_attn_out_proj": {"lora_down.weight": {"Mp": 0.0009250327711924911}, "lora_up.weight": {"Mp": 0.0009250593138858676}}, "lora_te_text_model_encoder_layers_3_mlp_fc1": {"lora_down.weight": {"Mp": 0.000282660243101418}, "lora_up.weight": {"Mp": 0.00028270488837733865}}, "lora_te_text_model_encoder_layers_3_mlp_fc2": {"lora_down.weight": {"Mp": 0.00021086052583996207}, "lora_up.weight": {"Mp": 0.0002108563348883763}}, "lora_te_text_model_encoder_layers_4_self_attn_v_proj": {"lora_down.weight": {"Mp": 0.0012275798944756389}, "lora_up.weight": {"Mp": 0.001227604690939188}}, "lora_te_text_model_encoder_layers_4_self_attn_out_proj": {"lora_down.weight": {"Mp": 0.0007025576778687537}, "lora_up.weight": {"Mp": 0.0007025770610198379}}, "lora_te_text_model_encoder_layers_4_mlp_fc2": {"lora_down.weight": {"Mp": 0.0007923594093881547}, "lora_up.weight": {"Mp": 0.0007923577795736492}}, "lora_te_text_model_encoder_layers_5_self_attn_k_proj": {"lora_down.weight": {"Mp": 0.0015797895612195134}, "lora_up.weight": {"Mp": 0.0015797973610460758}}, "lora_te_text_model_encoder_layers_5_self_attn_v_proj": {"lora_down.weight": {"Mp": 0.0006909456569701433}, "lora_up.weight": {"Mp": 0.000690961314830929}}, "lora_te_text_model_encoder_layers_5_self_attn_q_proj": {"lora_down.weight": {"Mp": 0.0005949820624664426}, "lora_up.weight": {"Mp": 0.0005949910264462233}}, "lora_te_text_model_encoder_layers_5_self_attn_out_proj": {"lora_down.weight": {"Mp": 0.00018693861784413457}, "lora_up.weight": {"Mp": 0.00018695574544835836}}, "lora_te_text_model_encoder_layers_5_mlp_fc1": {"lora_down.weight": {"Mp": 0.0012591605773195624}, "lora_up.weight": {"Mp": 0.0012592163402587175}}, "lora_te_text_model_encoder_layers_5_mlp_fc2": {"lora_down.weight": {"Mp": 0.0010184275452047586}, "lora_up.weight": {"Mp": 0.0010184240527451038}}, "lora_te_text_model_encoder_layers_6_self_attn_k_proj": {"lora_down.weight": {"Mp": 0.00197572261095047}, "lora_up.weight": {"Mp": 0.001975739374756813}}, "lora_te_text_model_encoder_layers_6_self_attn_v_proj": {"lora_down.weight": {"Mp": 0.0009372953791171312}, "lora_up.weight": {"Mp": 0.0009373076027259231}}, "lora_te_text_model_encoder_layers_6_self_attn_q_proj": {"lora_down.weight": {"Mp": 0.00035554211353883147}, "lora_up.weight": {"Mp": 0.00035554872010834515}}, "lora_te_text_model_encoder_layers_6_mlp_fc2": {"lora_down.weight": {"Mp": 0.0016078033950179815}, "lora_up.weight": {"Mp": 0.0016077995533123612}}, "lora_te_text_model_encoder_layers_7_self_attn_k_proj": {"lora_down.weight": {"Mp": 0.0009084739140234888}, "lora_up.weight": {"Mp": 0.0009084843331947923}}, "lora_te_text_model_encoder_layers_7_self_attn_v_proj": {"lora_down.weight": {"Mp": 0.0012510681990534067}, "lora_up.weight": {"Mp": 0.0012510893866419792}}, "lora_te_text_model_encoder_layers_7_self_attn_out_proj": {"lora_down.weight": {"Mp": 0.0005081412964500487}, "lora_up.weight": {"Mp": 0.0005081643466837704}}, "lora_te_text_model_encoder_layers_7_mlp_fc1": {"lora_down.weight": {"Mp": 0.0013481758069247007}, "lora_up.weight": {"Mp": 0.0013482100330293179}}, "lora_te_text_model_encoder_layers_7_mlp_fc2": {"lora_down.weight": {"Mp": 0.0010407036170363426}, "lora_up.weight": {"Mp": 0.0010406975634396076}}, "lora_te_text_model_encoder_layers_8_self_attn_k_proj": {"lora_down.weight": {"Mp": 0.0012190742418169975}, "lora_up.weight": {"Mp": 0.0012190979905426502}}, "lora_te_text_model_encoder_layers_8_self_attn_v_proj": {"lora_down.weight": {"Mp": 0.0008827863493934274}, "lora_up.weight": {"Mp": 0.0008828045101836324}}, "lora_te_text_model_encoder_layers_8_self_attn_q_proj": {"lora_down.weight": {"Mp": 0.00032308732625097036}, "lora_up.weight": {"Mp": 0.0003230960574001074}}, "lora_te_text_model_encoder_layers_8_self_attn_out_proj": {"lora_down.weight": {"Mp": 0.0018174763536080718}, "lora_up.weight": {"Mp": 0.0018175048753619194}}, "lora_te_text_model_encoder_layers_8_mlp_fc1": {"lora_down.weight": {"Mp": 0.0022687579039484262}, "lora_up.weight": {"Mp": 0.002268793759867549}}, "lora_te_text_model_encoder_layers_8_mlp_fc2": {"lora_down.weight": {"Mp": 0.0008284631185233593}, "lora_up.weight": {"Mp": 0.0008284618379548192}}, "lora_te_text_model_encoder_layers_9_self_attn_k_proj": {"lora_down.weight": {"Mp": 0.0015378191601485014}, "lora_up.weight": {"Mp": 0.0015378408133983612}}, "lora_te_text_model_encoder_layers_9_self_attn_v_proj": {"lora_down.weight": {"Mp": 0.0010668248869478703}, "lora_up.weight": {"Mp": 0.0010668574832379818}}, "lora_te_text_model_encoder_layers_9_self_attn_out_proj": {"lora_down.weight": {"Mp": 0.0038755619898438454}, "lora_up.weight": {"Mp": 0.003875641617923975}}, "lora_te_text_model_encoder_layers_9_mlp_fc1": {"lora_down.weight": {"Mp": 0.0039507015608251095}, "lora_up.weight": {"Mp": 0.003950750920921564}}, "lora_te_text_model_encoder_layers_9_mlp_fc2": {"lora_down.weight": {"Mp": 0.001501347403973341}, "lora_up.weight": {"Mp": 0.0015013448428362608}}, "lora_te_text_model_encoder_layers_10_self_attn_k_proj": {"lora_down.weight": {"Mp": 0.0011412490857765079}, "lora_up.weight": {"Mp": 0.001141287968493998}}, "lora_te_text_model_encoder_layers_10_self_attn_v_proj": {"lora_down.weight": {"Mp": 0.0005392866441980004}, "lora_up.weight": {"Mp": 0.0005393214523792267}}, "lora_te_text_model_encoder_layers_10_self_attn_q_proj": {"lora_down.weight": {"Mp": 0.002407781081274152}, "lora_up.weight": {"Mp": 0.0024078036658465862}},