{"lora_te_text_model_encoder_layers_0_self_attn_k_proj": {"lora_down.weight": {"Mp": 0.0020354539155960083}, "lora_up.weight": {"Mp": 0.002035474870353937}}, "lora_te_text_model_encoder_layers_0_self_attn_v_proj": {"lora_down.weight": {"Mp": 0.010834109038114548}, "lora_up.weight": {"Mp": 0.010834498330950737}}, "lora_te_text_model_encoder_layers_0_self_attn_q_proj": {"lora_down.weight": {"Mp": 0.001996788661926985}, "lora_up.weight": {"Mp": 0.00199679983779788}}, "lora_te_text_model_encoder_layers_0_self_attn_out_proj": {"lora_down.weight": {"Mp": 0.0074638682417571545}, "lora_up.weight": {"Mp": 0.00746412668377161}}, "lora_te_text_model_encoder_layers_0_mlp_fc2": {"lora_down.weight": {"Mp": 0.002822329755872488}, "lora_up.weight": {"Mp": 0.0028226771391928196}}, "lora_te_text_model_encoder_layers_1_self_attn_k_proj": {"lora_down.weight": {"Mp": 0.00013058970216661692}, "lora_up.weight": {"Mp": 0.00013059627963230014}}, "lora_te_text_model_encoder_layers_1_self_attn_v_proj": {"lora_down.weight": {"Mp": 0.0004957224009558558}, "lora_up.weight": {"Mp": 0.0004957495839335024}}, "lora_te_text_model_encoder_layers_1_self_attn_q_proj": {"lora_down.weight": {"Mp": 0.00015953717229422182}, "lora_up.weight": {"Mp": 0.0001595454232301563}}, "lora_te_text_model_encoder_layers_1_self_attn_out_proj": {"lora_down.weight": {"Mp": 0.0006508161313831806}, "lora_up.weight": {"Mp": 0.0006508512888103724}}, "lora_te_text_model_encoder_layers_1_mlp_fc1": {"lora_down.weight": {"Mp": 0.0034255923237651587}, "lora_up.weight": {"Mp": 0.0034256321378052235}}, "lora_te_text_model_encoder_layers_1_mlp_fc2": {"lora_down.weight": {"Mp": 0.0031361670698970556}, "lora_up.weight": {"Mp": 0.003136154031381011}}, "lora_te_text_model_encoder_layers_2_self_attn_k_proj": {"lora_down.weight": {"Mp": 0.0011311328271403909}, "lora_up.weight": {"Mp": 0.0011311382986605167}}, "lora_te_text_model_encoder_layers_2_self_attn_v_proj": {"lora_down.weight": {"Mp": 0.001523174112662673}, "lora_up.weight": {"Mp": 0.001523191574960947}}, "lora_te_text_model_encoder_layers_2_self_attn_q_proj": {"lora_down.weight": {"Mp": 0.00019793823594227433}, "lora_up.weight": {"Mp": 0.00019794778199866414}}, "lora_te_text_model_encoder_layers_2_self_attn_out_proj": {"lora_down.weight": {"Mp": 0.0002008633455261588}, "lora_up.weight": {"Mp": 0.00020088956807740033}}, "lora_te_text_model_encoder_layers_2_mlp_fc1": {"lora_down.weight": {"Mp": 0.002521227113902569}, "lora_up.weight": {"Mp": 0.0025212708860635757}}, "lora_te_text_model_encoder_layers_2_mlp_fc2": {"lora_down.weight": {"Mp": 0.0007843856001272798}, "lora_up.weight": {"Mp": 0.0007843751227483153}}, "lora_te_text_model_encoder_layers_3_mlp_fc1": {"lora_down.weight": {"Mp": 0.00103600206784904}, "lora_up.weight": {"Mp": 0.0010360489832237363}}, "lora_te_text_model_encoder_layers_3_mlp_fc2": {"lora_down.weight": {"Mp": 0.002460575196892023}, "lora_up.weight": {"Mp": 0.0024605721700936556}}, "lora_te_text_model_encoder_layers_4_self_attn_k_proj": {"lora_down.weight": {"Mp": 0.00012926336785312742}, "lora_up.weight": {"Mp": 0.00012926875206176192}}, "lora_te_text_model_encoder_layers_4_self_attn_v_proj": {"lora_down.weight": {"Mp": 0.00017920642858371139}, "lora_up.weight": {"Mp": 0.00017922748520504683}}, "lora_te_text_model_encoder_layers_4_self_attn_out_proj": {"lora_down.weight": {"Mp": 0.0006377885583788157}, "lora_up.weight": {"Mp": 0.0006378075922839344}}, "lora_te_text_model_encoder_layers_4_mlp_fc1": {"lora_down.weight": {"Mp": 0.0005138366250321269}, "lora_up.weight": {"Mp": 0.0005138840060681105}}, "lora_te_text_model_encoder_layers_4_mlp_fc2": {"lora_down.weight": {"Mp": 0.0017736400477588177}, "lora_up.weight": {"Mp": 0.0017736309673637152}}, "lora_te_text_model_encoder_layers_5_self_attn_v_proj": {"lora_down.weight": {"Mp": 0.0001506302214693278}, "lora_up.weight": {"Mp": 0.00015064512263052166}}, "lora_te_text_model_encoder_layers_5_mlp_fc1": {"lora_down.weight": {"Mp": 0.00010423886124044657}, "lora_up.weight": {"Mp": 0.00010427914094179869}}, "lora_te_text_model_encoder_layers_5_mlp_fc2": {"lora_down.weight": {"Mp": 0.0018413603538647294}, "lora_up.weight": {"Mp": 0.0018413534853607416}}, "lora_te_text_model_encoder_layers_6_self_attn_k_proj": {"lora_down.weight": {"Mp": 8.663826156407595e-05}, "lora_up.weight": {"Mp": 8.664886991027743e-05}}, "lora_te_text_model_encoder_layers_6_self_attn_v_proj": {"lora_down.weight": {"Mp": 0.0001255830575246364}, "lora_up.weight": {"Mp": 0.000125598962767981}}, "lora_te_text_model_encoder_layers_6_self_attn_q_proj": {"lora_down.weight": {"Mp": 0.0008467080187983811}, "lora_up.weight": {"Mp": 0.0008467129664495587}}, "lora_te_text_model_encoder_layers_6_mlp_fc1": {"lora_down.weight": {"Mp": 9.860479622147977e-05}, "lora_up.weight": {"Mp": 9.863934246823192e-05}}, "lora_te_text_model_encoder_layers_6_mlp_fc2": {"lora_down.weight": {"Mp": 0.002132333815097809}, "lora_up.weight": {"Mp": 0.0021323268301784992}}, "lora_te_text_model_encoder_layers_7_self_attn_k_proj": {"lora_down.weight": {"Mp": 0.001465275650843978}, "lora_up.weight": {"Mp": 0.0014652853133156896}}, "lora_te_text_model_encoder_layers_7_self_attn_v_proj": {"lora_down.weight": {"Mp": 0.0005296452436596155}, "lora_up.weight": {"Mp": 0.0005296693998388946}}, "lora_te_text_model_encoder_layers_7_self_attn_q_proj": {"lora_down.weight": {"Mp": 0.001152626471593976}, "lora_up.weight": {"Mp": 0.00115263182669878}}, "lora_te_text_model_encoder_layers_7_self_attn_out_proj": {"lora_down.weight": {"Mp": 0.00030503826565109193}, "lora_up.weight": {"Mp": 0.00030506023904308677}}, "lora_te_text_model_encoder_layers_7_mlp_fc1": {"lora_down.weight": {"Mp": 0.00031297767418436706}, "lora_up.weight": {"Mp": 0.0003130122786387801}}, "lora_te_text_model_encoder_layers_7_mlp_fc2": {"lora_down.weight": {"Mp": 0.0017055253265425563}, "lora_up.weight": {"Mp": 0.0017055169446393847}}, "lora_te_text_model_encoder_layers_8_self_attn_k_proj": {"lora_down.weight": {"Mp": 0.000632404291536659}, "lora_up.weight": {"Mp": 0.0006324280984699726}}, "lora_te_text_model_encoder_layers_8_self_attn_out_proj": {"lora_down.weight": {"Mp": 0.000737251597456634}, "lora_up.weight": {"Mp": 0.0007372956024482846}}, "lora_te_text_model_encoder_layers_8_mlp_fc1": {"lora_down.weight": {"Mp": 0.0006533644627779722}, "lora_up.weight": {"Mp": 0.0006533917039632797}}, "lora_te_text_model_encoder_layers_8_mlp_fc2": {"lora_down.weight": {"Mp": 0.002173158572986722}, "lora_up.weight": {"Mp": 0.002173153916373849}}, "lora_te_text_model_encoder_layers_9_mlp_fc2": {"lora_down.weight": {"Mp": 0.0019695041701197624}, "lora_up.weight": {"Mp": 0.001969496952369809}}, "lora_te_text_model_encoder_layers_10_self_attn_q_proj": {"lora_down.weight": {"Mp": 0.00038120962562970817}, "lora_up.weight": {"Mp": 0.0003812292998190969}}, "lora_te_text_model_encoder_layers_10_mlp_fc2": {"lora_down.weight": {"Mp": 0.00023787491954863071}, "lora_up.weight": {"Mp": 0.00023786943347658962}}, "lora_te_text_model_encoder_layers_11_self_attn_k_proj": {"lora_down.weight": {"Mp": 0.00272931600920856}, "lora_up.weight": {"Mp": 0.002729385858401656}}, "lora_te_text_model_encoder_layers_11_self_attn_v_proj": {"lora_down.weight": {"Mp": 0.0015925952466204762}, "lora_up.weight": {"Mp": 0.0015926598571240902}}, "lora_unet_down_blocks_0_attentions_0_proj_in": {"lora_down.weight": {"Mp": 0.019838403910398483}, "lora_up.weight": {"Mp": 0.019851554185152054}}, "lora_unet_down_blocks_0_attentions_0_transformer_blocks_0_attn1_to_q": {"lora_down.weight": {"Mp": 0.0027978026773780584}, "lora_up.weight": {"Mp": 0.002798173576593399}}, "lora_unet_down_blocks_0_attentions_0_transformer_blocks_0_attn1_to_k": {"lora_down.weight": {"Mp": 0.0005842342507094145}, "lora_up.weight": {"Mp": 0.0005846149870194495}}, "lora_unet_down_blocks_0_attentions_0_transformer_blocks_0_attn1_to_v": {"lora_down.weight": {"Mp": 0.01686812750995159}, "lora_up.weight": {"Mp": 0.016875743865966797}},